[{"deliveryUrl":"https://assets-eu-01.kc-usercontent.com:443/e613d152-b10b-0146-c5a2-6209746abb64/a793443f-5400-4e11-ba27-9cdba9972be7/ipad.png","fileName":"ipad.png","id":"f6a76521-838f-4cd6-a997-44722d1cc7b8","type":"image/png","description":"iPad","size":235936,"zipFilePath":"assets/f6a/f6a76521-838f-4cd6-a997-44722d1cc7b8/ipad.png","title":"ipad.png"},{"deliveryUrl":"https://assets-eu-01.kc-usercontent.com:443/e613d152-b10b-0146-c5a2-6209746abb64/a0404338-cec6-43a5-9056-1e9937cc8d35/demo-image-01.jpg","fileName":"demo-image-01.jpg","id":"5590c33a-b82f-4287-8571-974a41b920ad","type":"image/jpeg","description":null,"size":16538,"zipFilePath":"assets/559/5590c33a-b82f-4287-8571-974a41b920ad/demo-image-01.jpg","title":"demo-image-01.jpg"},{"deliveryUrl":"https://assets-eu-01.kc-usercontent.com:443/e613d152-b10b-0146-c5a2-6209746abb64/b159263f-156c-4b63-b652-6049cd1f188f/demo-image-02.jpg","fileName":"demo-image-02.jpg","id":"797e5448-2c03-4b6f-ae4e-4236ae743a95","type":"image/jpeg","description":null,"size":105114,"zipFilePath":"assets/797/797e5448-2c03-4b6f-ae4e-4236ae743a95/demo-image-02.jpg","title":"demo-image-02.jpg"},{"deliveryUrl":"https://assets-eu-01.kc-usercontent.com:443/e613d152-b10b-0146-c5a2-6209746abb64/aac71eb0-2ef0-4a0d-a1aa-e4784efe72ce/bg-masthead.jpg","fileName":"bg-masthead.jpg","id":"5a4fc6bf-f56b-4eae-9dac-6e34253ede9a","type":"image/jpeg","description":null,"size":218077,"zipFilePath":"assets/5a4/5a4fc6bf-f56b-4eae-9dac-6e34253ede9a/bg-masthead.jpg","title":"bg-masthead.jpg"}]