[{"codename":"main_content","id":"0f109373-9f9e-4063-91e2-8a235fe6ed9e","name":"Main content","typeCodename":"main_content"},{"codename":"misty","id":"3ce67424-1112-4a33-ba59-cea4661b37aa","name":"Misty","typeCodename":"article"},{"codename":"mountains","id":"c0a7e338-b9fc-44c4-bf59-ebe7e244253d","name":"Mountains","typeCodename":"article"},{"codename":"shoreline","id":"3522db73-103e-494d-a9e2-372a9e452cd3","name":"Shoreline","typeCodename":"article"},{"codename":"teaser","id":"50abb8a4-9ecb-41bc-afb2-366665ca7799","name":"Teaser","typeCodename":"teaser"}]