[{"elements":[{"options":[],"codename":"header","name":"Header","type":"text"},{"options":[],"codename":"image","name":"Image","type":"asset"},{"options":[],"codename":"content","name":"Content","type":"rich_text"}],"system":{"codename":"article","id":"5ae11a77-bddb-4a06-8350-6a8abcd3d41e","name":"Article"}},{"elements":[{"options":[],"codename":"image","name":"Image","type":"asset"},{"options":[],"codename":"header","name":"Header","type":"text"},{"options":[],"codename":"content","name":"Content","type":"rich_text"}],"system":{"codename":"main_content","id":"5cf4cb1f-73fd-4d81-9dc1-683918ee1efd","name":"Main content"}},{"elements":[{"options":[],"codename":"button_link","name":"Button link","type":"text"},{"options":[],"codename":"content","name":"Content","type":"text"},{"options":[],"codename":"button_text","name":"Button text","type":"text"},{"options":[],"codename":"header","name":"Header","type":"text"}],"system":{"codename":"teaser","id":"fd6159dd-19ab-4160-ac00-439e0dcaf8ec","name":"Teaser"}}]