[{"itemCodename":"main_content","itemId":"0f109373-9f9e-4063-91e2-8a235fe6ed9e","languageCodename":"default","elements":[{"value":"Built with Bootstrap 4","elementCodename":"Header","elementModel":{"codename":"header","type":"text","name":"Header","options":[]}},{"value":"<p>Grayscale is a free Bootstrap theme created by Start Bootstrap. It can be yours right now, simply download the template on <a href=\"http://startbootstrap.com/template-overviews/grayscale/\">the preview page</a>. The theme is open source, and you can use it for any purpose, personal or commercial.</p>","elementCodename":"Content","elementModel":{"codename":"content","type":"rich_text","name":"Content","options":[]}},{"value":[{"name":"ipad.png","description":"iPad","type":"image/png","size":235936,"url":"https://assets-eu-01.kc-usercontent.com:443/e613d152-b10b-0146-c5a2-6209746abb64/a793443f-5400-4e11-ba27-9cdba9972be7/ipad.png","width":1650,"height":466}],"elementCodename":"Image","elementModel":{"codename":"image","type":"asset","name":"Image","options":[]}}]},{"itemCodename":"misty","itemId":"3ce67424-1112-4a33-ba59-cea4661b37aa","languageCodename":"default","elements":[{"value":"Misty","elementCodename":"Header","elementModel":{"codename":"header","type":"text","name":"Header","options":[]}},{"value":"<p>An example of where you can put an image of a project, or anything else, along with a description.</p>","elementCodename":"Content","elementModel":{"codename":"content","type":"rich_text","name":"Content","options":[]}},{"value":[{"name":"demo-image-01.jpg","description":null,"type":"image/jpeg","size":16538,"url":"https://assets-eu-01.kc-usercontent.com:443/e613d152-b10b-0146-c5a2-6209746abb64/a0404338-cec6-43a5-9056-1e9937cc8d35/demo-image-01.jpg","width":700,"height":500}],"elementCodename":"Image","elementModel":{"codename":"image","type":"asset","name":"Image","options":[]}}]},{"itemCodename":"mountains","itemId":"c0a7e338-b9fc-44c4-bf59-ebe7e244253d","languageCodename":"default","elements":[{"value":"Mountains","elementCodename":"Header","elementModel":{"codename":"header","type":"text","name":"Header","options":[]}},{"value":"<p>Another example of a project with its respective description. These sections work well responsively as well, try this theme on a small screen!</p>","elementCodename":"Content","elementModel":{"codename":"content","type":"rich_text","name":"Content","options":[]}},{"value":[{"name":"demo-image-02.jpg","description":null,"type":"image/jpeg","size":105114,"url":"https://assets-eu-01.kc-usercontent.com:443/e613d152-b10b-0146-c5a2-6209746abb64/b159263f-156c-4b63-b652-6049cd1f188f/demo-image-02.jpg","width":700,"height":500}],"elementCodename":"Image","elementModel":{"codename":"image","type":"asset","name":"Image","options":[]}}]},{"itemCodename":"shoreline","itemId":"3522db73-103e-494d-a9e2-372a9e452cd3","languageCodename":"default","elements":[{"value":"Shoreline","elementCodename":"Header","elementModel":{"codename":"header","type":"text","name":"Header","options":[]}},{"value":"<p>Grayscale is open source and MIT licensed. This means you can use it for any project - even commercial projects! Download it, customize it, and publish your website!</p>","elementCodename":"Content","elementModel":{"codename":"content","type":"rich_text","name":"Content","options":[]}},{"value":[{"name":"bg-masthead.jpg","description":null,"type":"image/jpeg","size":218077,"url":"https://assets-eu-01.kc-usercontent.com:443/e613d152-b10b-0146-c5a2-6209746abb64/aac71eb0-2ef0-4a0d-a1aa-e4784efe72ce/bg-masthead.jpg","width":1900,"height":1188}],"elementCodename":"Image","elementModel":{"codename":"image","type":"asset","name":"Image","options":[]}}]},{"itemCodename":"teaser","itemId":"50abb8a4-9ecb-41bc-afb2-366665ca7799","languageCodename":"default","elements":[{"value":"Grayscale","elementCodename":"Header","elementModel":{"codename":"header","type":"text","name":"Header","options":[]}},{"value":"A free, responsive, one page Bootstrap theme created by Start Bootstrap.","elementCodename":"Content","elementModel":{"codename":"content","type":"text","name":"Content","options":[]}},{"value":"Get started","elementCodename":"Button text","elementModel":{"codename":"button_text","type":"text","name":"Button text","options":[]}},{"value":"#about","elementCodename":"Button link","elementModel":{"codename":"button_link","type":"text","name":"Button link","options":[]}}]}]